,league,date,teamHome,teamAway,goalsHome,goalsAway,result,shotsHome,shotsAway,shotsTargetHome,shotsTargetAway,oddsHome,oddsDraw,oddsAway,oddsUnder25,oddsOver25,season
0,Example1,01/08/00,Team1,Team15,0,1,A,20.0,5.0,8.0,2.0,4.98,4.09,1.65,2.09,1.74,2000/2001
1,Example1,01/08/00,Team2,Team13,2,1,H,13.0,11.0,3.0,2.0,3.24,3.24,2.3,1.72,2.11,2000/2001
2,Example1,01/08/00,Team4,Team11,1,0,H,11.0,12.0,3.0,6.0,1.68,3.38,4.52,1.95,1.73,2000/2001
3,Example1,01/08/00,Team6,Team9,0,0,D,6.0,14.0,1.0,3.0,2.53,3.21,2.84,1.74,2.06,2000/2001
4,Example1,01/08/00,Team8,Team7,0,1,A,12.0,9.0,0.0,3.0,3.49,3.14,2.26,1.52,2.53,2000/2001
5,Example1,01/08/00,Team10,Team5,3,1,H,10.0,15.0,6.0,4.0,3.16,3.0,2.27,1.74,2.0,2000/2001
6,Example1,01/08/00,Team12,Team3,1,3,A,,,,,2.89,2.05,3.45,1.53,2.25,2000/2001
7,Example1,11/08/00,Team14,Team1,2,3,A,20.0,14.0,6.0,10.0,3.42,3.02,2.21,1.53,2.39,2000/2001
8,Example1,11/08/00,Team13,Team15,1,2,A,,,,,1.77,2.95,5.0,1.67,2.06,2000/2001
9,Example1,11/08/00,Team11,Team2,0,0,D,,,,,2.27,3.01,3.3,1.51,2.42,2000/2001
10,Example1,11/08/00,Team9,Team4,1,0,H,,,,,1.65,3.48,4.81,2.11,1.66,2000/2001
11,Example1,11/08/00,Team7,Team6,0,1,A,29.0,9.0,5.0,2.0,1.34,4.48,9.35,2.17,1.63,2000/2001
12,Example1,11/08/00,Team5,Team8,4,0,H,,,,,1.51,3.87,6.3,1.93,1.86,2000/2001
13,Example1,11/08/00,Team3,Team10,2,0,H,,,,,1.38,4.15,7.49,2.01,1.72,2000/2001
14,Example1,21/08/00,Team14,Team12,1,0,H,,,,,2.28,2.95,3.21,1.54,2.38,2000/2001
15,Example1,21/08/00,Team13,Team1,1,4,A,,,,,1.39,4.03,7.32,1.84,1.88,2000/2001
16,Example1,21/08/00,Team15,Team11,0,1,A,12.0,17.0,3.0,3.0,2.06,3.39,3.71,1.75,2.09,2000/2001
17,Example1,21/08/00,Team2,Team9,1,1,D,16.0,11.0,6.0,5.0,1.7,3.53,5.07,1.69,2.1,2000/2001
18,Example1,21/08/00,Team4,Team7,1,0,H,16.0,3.0,7.0,1.0,1.37,4.65,9.03,2.18,1.67,2000/2001
19,Example1,21/08/00,Team6,Team5,2,1,H,,,,,2.3,3.2,2.74,1.81,1.9,2000/2001
20,Example1,21/08/00,Team8,Team3,4,1,H,,,,,3.82,3.16,2.02,1.65,2.17,2000/2001
21,Example1,31/08/00,Team10,Team14,5,0,H,14.0,14.0,8.0,5.0,2.16,3.3,3.31,1.71,2.08,2000/2001
22,Example1,31/08/00,Team1,Team12,0,1,A,,,,,4.46,3.13,1.87,1.46,2.6,2000/2001
23,Example1,31/08/00,Team11,Team13,2,0,H,,,,,2.64,2.8,2.65,1.96,1.87,2000/2001
24,Example1,31/08/00,Team9,Team15,3,1,H,,,,,1.39,4.22,6.8,1.91,1.84,2000/2001
25,Example1,31/08/00,Team7,Team2,0,1,A,9.0,13.0,4.0,4.0,3.08,3.46,2.13,2.04,1.72,2000/2001
26,Example1,31/08/00,Team5,Team4,3,0,H,28.0,16.0,6.0,5.0,1.96,3.32,3.96,1.78,2.01,2000/2001
27,Example1,31/08/00,Team3,Team6,2,2,D,23.0,15.0,7.0,8.0,1.77,3.68,4.74,1.9,1.89,2000/2001
28,Example1,10/09/00,Team14,Team8,1,0,H,8.0,13.0,2.0,4.0,2.09,3.22,3.89,1.55,2.43,2000/2001
29,Example1,10/09/00,Team12,Team10,1,1,D,8.0,7.0,3.0,2.0,2.0,3.34,3.69,1.86,1.91,2000/2001
30,Example1,10/09/00,Team11,Team1,1,2,A,12.0,6.0,3.0,5.0,2.69,3.27,2.75,1.75,2.11,2000/2001
31,Example1,10/09/00,Team13,Team9,2,0,H,9.0,8.0,5.0,3.0,1.82,3.27,3.94,1.68,2.06,2000/2001
32,Example1,10/09/00,Team15,Team7,0,1,A,,,,,3.21,3.04,2.25,1.45,2.61,2000/2001
33,Example1,10/09/00,Team2,Team5,0,1,A,13.0,13.0,4.0,6.0,4.98,3.7,1.69,1.87,1.91,2000/2001
34,Example1,10/09/00,Team4,Team3,4,0,H,,,,,1.99,3.22,3.79,1.8,1.94,2000/2001
35,Example1,20/09/00,Team6,Team14,3,1,H,,,,,3.37,3.25,2.04,1.89,1.84,2000/2001
36,Example1,20/09/00,Team8,Team12,0,2,A,,,,,6.96,3.79,1.5,1.8,1.98,2000/2001
37,Example1,20/09/00,Team1,Team10,1,3,A,,,,,2.42,2.81,2.96,1.59,2.2,2000/2001
38,Example1,20/09/00,Team9,Team11,0,2,A,,,,,1.92,3.09,3.76,1.55,2.26,2000/2001
39,Example1,20/09/00,Team7,Team13,1,4,A,,,,,1.79,3.48,4.12,1.94,1.8,2000/2001
40,Example1,20/09/00,Team5,Team15,2,2,D,18.0,13.0,5.0,3.0,1.77,3.48,5.03,1.69,2.17,2000/2001
41,Example1,20/09/00,Team3,Team2,3,0,H,16.0,8.0,4.0,3.0,2.88,3.5,2.39,2.16,1.68,2000/2001
42,Example1,30/09/00,Team14,Team4,1,0,H,10.0,7.0,4.0,3.0,2.36,2.97,2.97,1.6,2.23,2000/2001
43,Example1,30/09/00,Team12,Team6,2,0,H,15.0,9.0,5.0,3.0,2.04,2.96,3.76,1.58,2.24,2000/2001
44,Example1,30/09/00,Team10,Team8,4,2,H,,,,,2.81,3.01,2.59,1.68,2.16,2000/2001
45,Example1,30/09/00,Team9,Team1,1,1,D,,,,,2.07,2.99,3.56,1.66,2.1,2000/2001
46,Example1,30/09/00,Team11,Team7,3,2,H,,,,,2.14,3.27,3.34,1.74,2.02,2000/2001
47,Example1,30/09/00,Team13,Team5,0,0,D,10.0,9.0,5.0,2.0,3.02,3.24,2.25,1.65,2.14,2000/2001
48,Example1,30/09/00,Team15,Team3,1,2,A,14.0,8.0,6.0,4.0,1.47,4.62,6.46,2.27,1.64,2000/2001
49,Example1,10/10/00,Team2,Team14,1,0,H,,,,,1.12,7.22,15.91,2.79,1.38,2000/2001
50,Example1,10/10/00,Team4,Team12,4,1,H,25.0,28.0,10.0,12.0,1.39,4.25,7.84,2.56,1.47,2000/2001
51,Example1,10/10/00,Team6,Team10,3,1,H,,,,,2.01,3.39,3.51,1.93,1.84,2000/2001
52,Example1,10/10/00,Team1,Team8,1,0,H,,,,,2.2,2.95,3.47,1.56,2.35,2000/2001
53,Example1,10/10/00,Team7,Team9,3,1,H,,,,,1.97,3.27,3.71,1.63,2.19,2000/2001
54,Example1,10/10/00,Team5,Team11,1,2,A,16.0,11.0,10.0,5.0,2.71,3.23,2.61,1.8,1.98,2000/2001
55,Example1,10/10/00,Team3,Team13,3,3,D,10.0,18.0,6.0,8.0,2.78,3.29,2.47,1.89,1.89,2000/2001
56,Example1,20/10/00,Team14,Team15,2,1,H,5.0,4.0,3.0,3.0,1.9,3.2,4.32,1.55,2.37,2000/2001
57,Example1,20/10/00,Team12,Team2,1,0,H,5.0,20.0,2.0,4.0,1.9,3.47,4.04,2.02,1.79,2000/2001
58,Example1,20/10/00,Team10,Team4,2,2,D,27.0,11.0,5.0,4.0,2.0,3.19,3.86,1.69,2.1,2000/2001
59,Example1,20/10/00,Team8,Team6,4,1,H,17.0,7.0,8.0,4.0,1.75,3.3,4.38,1.81,1.92,2000/2001
60,Example1,20/10/00,Team7,Team1,1,2,A,5.0,11.0,2.0,5.0,1.78,3.55,5.11,1.7,2.14,2000/2001
61,Example1,20/10/00,Team9,Team5,3,2,H,,,,,2.12,2.93,3.57,1.53,2.33,2000/2001
62,Example1,20/10/00,Team11,Team3,4,1,H,15.0,16.0,7.0,6.0,1.69,3.92,4.71,2.19,1.67,2000/2001
63,Example1,30/10/00,Team13,Team14,1,0,H,,,,,2.29,3.17,3.04,1.73,2.07,2000/2001
64,Example1,30/10/00,Team15,Team12,2,1,H,12.0,8.0,4.0,3.0,1.75,3.21,4.66,1.88,1.83,2000/2001
65,Example1,30/10/00,Team2,Team10,0,1,A,16.0,7.0,3.0,2.0,1.41,4.43,7.27,1.97,1.82,2000/2001
66,Example1,30/10/00,Team4,Team8,1,3,A,7.0,14.0,1.0,10.0,1.86,3.34,4.09,1.66,2.11,2000/2001
67,Example1,30/10/00,Team1,Team6,3,0,H,16.0,16.0,6.0,3.0,2.72,3.06,2.64,1.56,2.32,2000/2001
68,Example1,30/10/00,Team5,Team7,1,1,D,12.0,15.0,5.0,6.0,1.62,3.81,5.82,1.8,2.0,2000/2001
69,Example1,30/10/00,Team3,Team9,3,0,H,,,,,1.19,6.59,13.62,2.51,1.49,2000/2001
70,Example1,09/11/00,Team14,Team11,0,1,A,12.0,14.0,2.0,4.0,2.22,3.19,3.25,1.76,2.04,2000/2001
71,Example1,09/11/00,Team12,Team13,2,3,A,19.0,6.0,6.0,6.0,3.33,3.27,2.17,1.85,1.95,2000/2001
72,Example1,09/11/00,Team10,Team15,3,1,H,18.0,11.0,6.0,3.0,1.55,3.76,5.99,2.09,1.68,2000/2001
73,Example1,09/11/00,Team8,Team2,2,2,D,14.0,12.0,7.0,9.0,4.37,3.42,1.84,1.77,2.0,2000/2001
74,Example1,09/11/00,Team6,Team4,2,1,H,10.0,12.0,3.0,7.0,2.72,3.37,2.52,2.07,1.76,2000/2001
75,Example1,09/11/00,Team5,Team1,5,1,H,24.0,8.0,11.0,3.0,1.44,4.69,6.36,2.52,1.51,2000/2001
76,Example1,09/11/00,Team7,Team3,1,1,D,,,,,2.3,3.18,2.97,1.75,2.04,2000/2001
77,Example1,19/11/00,Team9,Team14,2,3,A,25.0,12.0,10.0,5.0,2.81,3.26,2.55,1.84,1.96,2000/2001
78,Example1,19/11/00,Team11,Team12,1,0,H,13.0,15.0,4.0,2.0,6.83,4.08,1.51,1.84,1.94,2000/2001
79,Example1,19/11/00,Team13,Team10,1,1,D,6.0,7.0,3.0,6.0,2.36,3.52,2.78,2.22,1.64,2000/2001
80,Example1,19/11/00,Team15,Team8,2,1,H,10.0,10.0,5.0,4.0,2.09,2.95,3.62,1.55,2.29,2000/2001
81,Example1,19/11/00,Team2,Team6,1,2,A,11.0,9.0,5.0,4.0,3.82,3.21,2.08,1.57,2.35,2000/2001
82,Example1,19/11/00,Team1,Team4,0,2,A,,,,,2.01,3.44,3.43,1.87,1.86,2000/2001
83,Example1,19/11/00,Team3,Team5,1,0,H,9.0,16.0,2.0,4.0,3.73,3.44,2.07,1.71,2.16,2000/2001
84,Example1,29/11/00,Team14,Team7,0,0,D,7.0,12.0,4.0,4.0,1.57,3.87,5.24,1.9,1.83,2000/2001
85,Example1,29/11/00,Team12,Team9,3,2,H,17.0,9.0,7.0,3.0,2.25,3.45,3.22,2.06,1.76,2000/2001
86,Example1,29/11/00,Team10,Team11,0,2,A,,,,,2.18,3.29,3.31,1.76,2.02,2000/2001
87,Example1,29/11/00,Team8,Team13,1,1,D,,,,,1.49,3.91,6.8,1.91,1.86,2000/2001
88,Example1,29/11/00,Team6,Team15,2,0,H,11.0,9.0,1.0,0.0,2.28,3.4,3.23,1.98,1.84,2000/2001
89,Example1,29/11/00,Team4,Team2,3,0,H,11.0,7.0,7.0,5.0,2.08,3.1,3.64,1.6,2.24,2000/2001
90,Example1,29/11/00,Team3,Team1,3,1,H,15.0,20.0,5.0,5.0,2.57,3.14,2.8,1.88,1.88,2000/2001
91,Example1,09/12/00,Team5,Team14,0,0,D,9.0,3.0,3.0,1.0,2.0,2.87,4.57,1.37,2.98,2000/2001
92,Example1,09/12/00,Team7,Team12,2,1,H,,,,,2.18,3.24,2.91,1.87,1.85,2000/2001
93,Example1,09/12/00,Team9,Team10,4,0,H,15.0,5.0,8.0,1.0,1.61,4.2,5.33,2.41,1.56,2000/2001
94,Example1,09/12/00,Team11,Team8,1,2,A,11.0,7.0,5.0,2.0,5.96,3.98,1.56,1.93,1.88,2000/2001
95,Example1,09/12/00,Team13,Team6,2,1,H,22.0,13.0,7.0,4.0,1.44,4.07,7.4,2.1,1.68,2000/2001
96,Example1,09/12/00,Team15,Team4,2,1,H,,,,,1.57,3.95,5.35,2.16,1.66,2000/2001
97,Example1,09/12/00,Team1,Team2,1,0,H,16.0,3.0,5.0,0.0,2.66,3.05,2.72,1.68,2.14,2000/2001
98,Example1,19/12/00,Team14,Team3,1,0,H,10.0,9.0,2.0,1.0,2.46,3.11,3.14,1.53,2.51,2000/2001
99,Example1,19/12/00,Team12,Team5,1,4,A,,,,,2.69,3.44,2.23,1.81,2.04,2000/2001
100,Example1,19/12/00,Team10,Team7,1,0,H,,,,,2.23,3.4,2.97,2.03,1.76,2000/2001
101,Example1,19/12/00,Team8,Team9,2,2,D,15.0,12.0,7.0,4.0,1.75,3.48,4.69,1.73,2.01,2000/2001
102,Example1,19/12/00,Team6,Team11,1,1,D,,,,,2.44,3.08,2.76,1.56,2.29,2000/2001
103,Example1,19/12/00,Team4,Team13,0,1,A,12.0,7.0,8.0,4.0,1.66,3.51,5.07,1.68,2.09,2000/2001
104,Example1,19/12/00,Team2,Team15,0,3,A,15.0,7.0,4.0,4.0,4.93,4.63,1.57,2.76,1.43,2000/2001
105,Example1,01/02/01,Team15,Team1,1,2,A,,,,,3.77,3.35,1.94,1.96,1.81,2000/2001
106,Example1,01/02/01,Team13,Team2,4,1,H,,,,,2.14,2.82,3.57,1.68,2.07,2000/2001
107,Example1,01/02/01,Team11,Team4,3,1,H,15.0,6.0,7.0,3.0,1.89,3.46,3.86,2.05,1.74,2000/2001
108,Example1,01/02/01,Team9,Team6,0,1,A,4.0,24.0,2.0,6.0,10.39,4.62,1.32,1.79,2.0,2000/2001
109,Example1,01/02/01,Team7,Team8,2,3,A,12.0,9.0,4.0,5.0,2.34,3.6,2.77,2.22,1.64,2000/2001
110,Example1,01/02/01,Team5,Team10,8,1,H,,,,,1.29,4.58,8.59,2.24,1.55,2000/2001
111,Example1,01/02/01,Team3,Team12,3,0,H,18.0,12.0,5.0,1.0,1.39,4.69,7.94,2.2,1.65,2000/2001
112,Example1,11/02/01,Team1,Team14,1,0,H,15.0,16.0,8.0,9.0,2.56,3.25,2.66,1.99,1.78,2000/2001
113,Example1,11/02/01,Team15,Team13,1,2,A,7.0,10.0,1.0,4.0,1.72,3.54,5.22,1.65,2.23,2000/2001
114,Example1,11/02/01,Team2,Team11,2,3,A,14.0,11.0,6.0,3.0,1.96,3.36,3.94,1.76,2.06,2000/2001
115,Example1,11/02/01,Team4,Team9,1,0,H,,,,,2.22,3.19,3.38,1.64,2.21,2000/2001
116,Example1,11/02/01,Team6,Team7,1,1,D,,,,,2.57,3.17,2.48,1.68,2.03,2000/2001
117,Example1,11/02/01,Team8,Team5,1,1,D,,,,,1.98,2.98,3.73,1.61,2.18,2000/2001
118,Example1,11/02/01,Team10,Team3,0,3,A,,,,,2.95,2.79,2.43,1.59,2.2,2000/2001
119,Example1,21/02/01,Team12,Team14,0,0,D,16.0,9.0,5.0,1.0,1.7,3.46,5.3,1.87,1.92,2000/2001
120,Example1,21/02/01,Team1,Team13,1,2,A,8.0,8.0,4.0,4.0,2.51,3.16,2.58,1.63,2.13,2000/2001
121,Example1,21/02/01,Team11,Team15,1,1,D,7.0,9.0,3.0,5.0,2.96,3.36,2.26,2.02,1.74,2000/2001
122,Example1,21/02/01,Team9,Team2,0,1,A,,,,,2.54,3.0,2.84,1.63,2.21,2000/2001
123,Example1,21/02/01,Team7,Team4,1,1,D,,,,,2.05,2.95,3.69,1.51,2.38,2000/2001
124,Example1,21/02/01,Team5,Team6,0,1,A,6.0,14.0,2.0,6.0,8.08,4.47,1.33,2.11,1.65,2000/2001
125,Example1,21/02/01,Team3,Team8,0,2,A,,,,,3.23,3.0,2.27,1.62,2.23,2000/2001
126,Example1,03/03/01,Team14,Team10,2,2,D,,,,,1.8,3.44,3.95,1.83,1.93,2000/2001
127,Example1,03/03/01,Team12,Team1,2,4,A,10.0,7.0,5.0,5.0,1.76,3.57,4.97,1.7,2.14,2000/2001
128,Example1,03/03/01,Team13,Team11,0,1,A,,,,,2.01,3.33,3.64,1.67,2.13,2000/2001
129,Example1,03/03/01,Team15,Team9,0,0,D,12.0,14.0,1.0,5.0,2.56,2.98,3.14,1.53,2.53,2000/2001
130,Example1,03/03/01,Team2,Team7,1,0,H,13.0,7.0,7.0,4.0,2.83,3.08,2.57,1.49,2.55,2000/2001
131,Example1,03/03/01,Team4,Team5,3,1,H,21.0,14.0,8.0,4.0,1.55,3.9,6.03,2.12,1.69,2000/2001
132,Example1,03/03/01,Team6,Team3,1,2,A,11.0,7.0,3.0,4.0,2.33,3.32,3.06,1.84,1.97,2000/2001
133,Example1,13/03/01,Team8,Team14,0,0,D,,,,,1.98,3.23,3.62,1.83,1.94,2000/2001
134,Example1,13/03/01,Team10,Team12,3,0,H,,,,,1.45,3.88,6.74,1.99,1.76,2000/2001
135,Example1,13/03/01,Team1,Team11,0,0,D,9.0,13.0,4.0,1.0,2.79,3.66,2.37,2.52,1.5,2000/2001
136,Example1,13/03/01,Team9,Team13,0,1,A,13.0,4.0,3.0,3.0,1.83,3.66,3.9,1.85,1.92,2000/2001
137,Example1,13/03/01,Team7,Team15,4,0,H,20.0,8.0,11.0,1.0,1.78,3.75,4.4,1.97,1.83,2000/2001
138,Example1,13/03/01,Team5,Team2,1,1,D,24.0,14.0,9.0,5.0,3.76,3.22,1.92,1.89,1.84,2000/2001
139,Example1,13/03/01,Team3,Team4,1,0,H,16.0,7.0,7.0,2.0,2.16,3.38,3.26,1.93,1.87,2000/2001
140,Example1,23/03/01,Team14,Team6,1,0,H,16.0,18.0,9.0,8.0,1.67,3.52,5.02,1.7,2.06,2000/2001
141,Example1,23/03/01,Team12,Team8,4,1,H,,,,,1.24,5.0,9.97,1.83,1.91,2000/2001
142,Example1,23/03/01,Team10,Team1,1,1,D,,,,,1.89,2.95,4.04,1.56,2.11,2000/2001
143,Example1,23/03/01,Team11,Team9,1,1,D,,,,,1.53,3.73,6.25,1.81,1.99,2000/2001
144,Example1,23/03/01,Team13,Team7,6,1,H,,,,,1.32,4.5,9.42,2.12,1.67,2000/2001
145,Example1,23/03/01,Team15,Team5,4,0,H,17.0,3.0,11.0,3.0,2.03,3.33,3.54,1.83,1.93,2000/2001
146,Example1,23/03/01,Team2,Team3,2,2,D,,,,,2.21,3.39,2.8,1.94,1.82,2000/2001
147,Example1,02/04/01,Team4,Team14,1,1,D,,,,,2.77,3.21,2.37,1.78,1.97,2000/2001
148,Example1,02/04/01,Team6,Team12,2,1,H,,,,,1.81,2.98,4.42,1.64,2.03,2000/2001
149,Example1,02/04/01,Team8,Team10,4,0,H,17.0,8.0,6.0,2.0,1.19,6.47,13.95,2.46,1.52,2000/2001
150,Example1,02/04/01,Team1,Team9,2,2,D,,,,,1.6,3.45,5.63,1.56,2.31,2000/2001
151,Example1,02/04/01,Team7,Team11,0,2,A,14.0,10.0,6.0,7.0,1.42,4.86,6.6,2.6,1.48,2000/2001
152,Example1,02/04/01,Team5,Team13,2,1,H,,,,,1.75,3.42,4.3,1.9,1.86,2000/2001
153,Example1,02/04/01,Team3,Team15,2,0,H,,,,,1.61,3.6,5.24,2.1,1.68,2000/2001
154,Example1,12/04/01,Team14,Team2,0,0,D,7.0,8.0,3.0,2.0,2.5,3.23,2.8,1.77,1.98,2000/2001
155,Example1,12/04/01,Team12,Team4,0,0,D,8.0,4.0,1.0,0.0,1.81,3.54,4.57,1.76,2.06,2000/2001
156,Example1,12/04/01,Team10,Team6,1,0,H,13.0,5.0,2.0,3.0,2.43,2.8,3.0,1.59,2.17,2000/2001
157,Example1,12/04/01,Team8,Team1,1,0,H,14.0,8.0,10.0,3.0,3.04,3.21,2.28,1.68,2.11,2000/2001
158,Example1,12/04/01,Team9,Team7,4,0,H,,,,,1.92,3.03,4.17,1.64,2.13,2000/2001
159,Example1,12/04/01,Team11,Team5,2,0,H,13.0,15.0,3.0,4.0,2.39,3.16,2.96,1.73,2.06,2000/2001
160,Example1,12/04/01,Team13,Team3,2,0,H,,,,,1.89,3.42,3.98,1.83,1.93,2000/2001
161,Example1,22/04/01,Team15,Team14,1,1,D,,,,,2.09,2.88,3.39,1.6,2.07,2000/2001
162,Example1,22/04/01,Team2,Team12,2,1,H,28.0,11.0,12.0,4.0,1.4,3.8,7.74,1.77,1.97,2000/2001
163,Example1,22/04/01,Team4,Team10,1,6,A,8.0,12.0,3.0,9.0,3.62,3.3,2.0,1.67,2.12,2000/2001
164,Example1,22/04/01,Team6,Team8,2,0,H,,,,,1.81,2.83,4.68,1.62,2.05,2000/2001
165,Example1,22/04/01,Team1,Team7,3,1,H,18.0,7.0,6.0,2.0,1.45,4.01,6.95,2.64,1.44,2000/2001
166,Example1,22/04/01,Team5,Team9,0,1,A,,,,,1.8,3.03,4.51,1.6,2.16,2000/2001
167,Example1,22/04/01,Team3,Team11,2,0,H,,,,,1.85,3.27,4.23,1.62,2.21,2000/2001
168,Example1,02/05/01,Team14,Team13,2,1,H,,,,,2.67,2.98,2.65,1.52,2.39,2000/2001
169,Example1,02/05/01,Team12,Team15,0,1,A,,,,,1.73,3.19,4.74,1.72,2.03,2000/2001
170,Example1,02/05/01,Team10,Team2,2,2,D,16.0,13.0,5.0,6.0,2.32,3.39,3.12,1.98,1.83,2000/2001
171,Example1,02/05/01,Team8,Team4,0,0,D,,,,,3.43,3.29,2.15,1.75,2.05,2000/2001
172,Example1,02/05/01,Team6,Team1,5,1,H,13.0,2.0,8.0,1.0,1.25,5.57,11.25,2.34,1.57,2000/2001
173,Example1,02/05/01,Team7,Team5,1,1,D,,,,,2.33,2.97,3.14,1.58,2.26,2000/2001
174,Example1,02/05/01,Team9,Team3,1,1,D,11.0,15.0,2.0,5.0,3.78,3.22,2.03,1.67,2.17,2000/2001
175,Example1,12/05/01,Team11,Team14,1,1,D,4.0,5.0,1.0,4.0,2.14,3.1,3.6,1.63,2.25,2000/2001
176,Example1,12/05/01,Team13,Team12,3,3,D,,,,,2.08,3.22,3.23,2.02,1.71,2000/2001
177,Example1,12/05/01,Team15,Team10,1,1,D,10.0,14.0,5.0,5.0,3.11,3.47,2.25,2.21,1.66,2000/2001
178,Example1,12/05/01,Team2,Team8,1,2,A,6.0,9.0,5.0,5.0,9.32,5.12,1.3,2.08,1.7,2000/2001
179,Example1,12/05/01,Team4,Team6,1,2,A,,,,,1.17,5.85,11.84,1.91,1.77,2000/2001
180,Example1,12/05/01,Team1,Team5,1,1,D,11.0,9.0,1.0,2.0,2.68,2.83,2.89,1.51,2.5,2000/2001
181,Example1,12/05/01,Team3,Team7,1,0,H,13.0,15.0,7.0,6.0,3.85,3.32,1.98,1.95,1.79,2000/2001
182,Example1,22/05/01,Team14,Team9,1,0,H,18.0,7.0,6.0,4.0,2.49,3.17,2.89,1.57,2.33,2000/2001
183,Example1,22/05/01,Team12,Team11,1,1,D,8.0,5.0,5.0,3.0,2.25,3.19,2.89,1.67,2.05,2000/2001
184,Example1,22/05/01,Team10,Team13,2,2,D,,,,,1.58,3.67,5.43,1.99,1.77,2000/2001
185,Example1,22/05/01,Team8,Team15,1,2,A,16.0,9.0,7.0,5.0,2.12,3.22,3.2,1.86,1.88,2000/2001
186,Example1,22/05/01,Team6,Team2,6,1,H,18.0,8.0,11.0,5.0,1.38,4.84,7.32,2.39,1.55,2000/2001
187,Example1,22/05/01,Team4,Team1,0,2,A,16.0,14.0,,,1.92,3.29,3.64,2.18,1.6,2000/2001
188,Example1,22/05/01,Team5,Team3,3,1,H,12.0,9.0,4.0,3.0,1.92,3.52,3.91,2.11,1.7,2000/2001
189,Example1,01/06/01,Team7,Team14,0,2,A,14.0,8.0,4.0,3.0,2.07,3.42,3.68,1.85,1.95,2000/2001
190,Example1,01/06/01,Team9,Team12,4,1,H,23.0,15.0,14.0,6.0,2.59,2.89,2.94,1.47,2.59,2000/2001
191,Example1,01/06/01,Team11,Team10,2,0,H,7.0,11.0,4.0,2.0,2.15,3.22,3.57,1.66,2.2,2000/2001
192,Example1,01/06/01,Team13,Team8,2,1,H,9.0,12.0,5.0,6.0,1.49,4.15,5.95,2.1,1.69,2000/2001
193,Example1,01/06/01,Team15,Team6,0,0,D,,,,,2.13,3.06,3.56,1.58,2.29,2000/2001
194,Example1,01/06/01,Team2,Team4,2,1,H,,,,,2.09,3.06,3.67,1.57,2.31,2000/2001
195,Example1,01/06/01,Team1,Team3,3,1,H,,,,,1.88,2.83,4.18,1.46,2.36,2000/2001
196,Example1,11/06/01,Team14,Team5,4,0,H,6.0,21.0,5.0,7.0,1.88,3.57,4.29,1.89,1.93,2000/2001
197,Example1,11/06/01,Team12,Team7,5,1,H,13.0,13.0,9.0,3.0,1.53,4.53,5.75,2.59,1.5,2000/2001
198,Example1,11/06/01,Team10,Team9,2,2,D,8.0,13.0,4.0,7.0,3.58,3.36,1.99,2.12,1.67,2000/2001
199,Example1,11/06/01,Team8,Team11,2,0,H,18.0,10.0,6.0,6.0,2.11,3.4,3.55,1.91,1.89,2000/2001
200,Example1,11/06/01,Team6,Team13,1,1,D,12.0,3.0,4.0,1.0,1.96,3.31,4.12,1.7,2.14,2000/2001
201,Example1,11/06/01,Team4,Team15,3,4,A,10.0,14.0,7.0,7.0,12.35,6.59,1.23,3.05,1.38,2000/2001
202,Example1,11/06/01,Team2,Team1,4,1,H,17.0,4.0,8.0,1.0,1.36,4.86,9.37,2.06,1.77,2000/2001
203,Example1,21/06/01,Team3,Team14,2,1,H,17.0,17.0,6.0,4.0,2.76,3.21,2.53,1.73,2.06,2000/2001
204,Example1,21/06/01,Team5,Team12,0,0,D,10.0,10.0,3.0,3.0,2.83,1.86,4.76,2.02,1.84,2000/2001
205,Example1,21/06/01,Team7,Team10,0,1,A,,,,,1.96,3.18,4.09,1.53,2.39,2000/2001
206,Example1,21/06/01,Team9,Team8,1,0,H,12.0,12.0,2.0,3.0,2.44,3.19,3.02,1.65,2.18,2000/2001
207,Example1,21/06/01,Team11,Team6,1,0,H,,,,,1.57,3.74,5.64,1.92,1.86,2000/2001
208,Example1,21/06/01,Team13,Team4,2,1,H,27.0,3.0,8.0,1.0,1.05,14.43,37.94,3.8,1.25,2000/2001
209,Example1,21/06/01,Team15,Team2,0,2,A,,,,,2.51,3.36,2.36,1.68,1.92,2000/2001
210,Example2,01/08/00,Club1,Club15,3,0,H,10.0,12.0,3.0,5.0,1.27,5.91,10.27,2.7,1.43,2000/2001
211,Example2,01/08/00,Club2,Club13,1,0,H,,,,,1.39,4.15,6.25,1.93,1.94,2000/2001
212,Example2,01/08/00,Club4,Club11,0,6,A,8.0,39.0,1.0,16.0,9.75,5.27,1.29,2.39,1.53,2000/2001
213,Example2,01/08/00,Club6,Club9,3,0,H,6.0,9.0,5.0,3.0,1.76,3.61,4.41,2.08,1.72,2000/2001
214,Example2,01/08/00,Club8,Club7,0,1,A,9.0,11.0,2.0,4.0,2.69,3.02,2.76,1.6,2.29,2000/2001
215,Example2,01/08/00,Club10,Club5,0,0,D,,,,,2.32,3.01,3.15,1.52,2.42,2000/2001
216,Example2,01/08/00,Club12,Club3,0,2,A,13.0,6.0,2.0,3.0,1.93,3.42,4.13,1.69,2.18,2000/2001
217,Example2,11/08/00,Club14,Club1,0,2,A,,,,,2.11,3.15,3.5,1.56,2.32,2000/2001
218,Example2,11/08/00,Club13,Club15,4,1,H,10.0,15.0,5.0,4.0,1.23,5.93,11.58,2.32,1.58,2000/2001
219,Example2,11/08/00,Club11,Club2,0,0,D,18.0,5.0,4.0,2.0,2.25,3.26,3.06,1.95,1.79,2000/2001
220,Example2,11/08/00,Club9,Club4,3,0,H,25.0,13.0,16.0,9.0,1.3,5.02,10.69,2.6,1.45,2000/2001
221,Example2,11/08/00,Club7,Club6,2,0,H,10.0,19.0,3.0,8.0,2.52,3.26,2.81,1.77,2.01,2000/2001
222,Example2,11/08/00,Club5,Club8,1,0,H,,,,,2.19,3.0,3.42,1.6,2.26,2000/2001
223,Example2,11/08/00,Club3,Club10,0,1,A,,,,,1.7,3.27,5.15,1.47,2.53,2000/2001
224,Example2,21/08/00,Club14,Club12,5,0,H,,,,,1.27,4.84,9.43,2.05,1.68,2000/2001
225,Example2,21/08/00,Club13,Club1,1,1,D,,,,,2.34,2.69,3.2,1.47,2.41,2000/2001
226,Example2,21/08/00,Club15,Club11,1,1,D,10.0,13.0,5.0,5.0,1.58,4.16,5.25,2.15,1.69,2000/2001
227,Example2,21/08/00,Club2,Club9,2,1,H,17.0,11.0,6.0,6.0,1.89,3.38,4.08,1.82,1.97,2000/2001
228,Example2,21/08/00,Club4,Club7,2,2,D,,,,,1.78,3.37,4.62,1.63,2.21,2000/2001
229,Example2,21/08/00,Club6,Club5,4,2,H,,,,,2.37,3.02,3.05,1.72,2.07,2000/2001
230,Example2,21/08/00,Club8,Club3,1,2,A,,,,,2.28,2.95,3.02,1.8,1.95,2000/2001
231,Example2,31/08/00,Club10,Club14,0,0,D,,,,,3.18,3.26,2.19,1.81,1.95,2000/2001
232,Example2,31/08/00,Club1,Club12,0,3,A,12.0,15.0,2.0,5.0,4.43,3.14,1.83,1.94,1.8,2000/2001
233,Example2,31/08/00,Club11,Club13,4,0,H,20.0,4.0,12.0,0.0,1.65,3.58,5.11,2.34,1.55,2000/2001
234,Example2,31/08/00,Club9,Club15,3,0,H,17.0,10.0,10.0,3.0,2.24,3.27,3.32,1.78,2.03,2000/2001
235,Example2,31/08/00,Club7,Club2,1,1,D,7.0,17.0,3.0,2.0,2.39,3.25,3.08,1.78,2.02,2000/2001
236,Example2,31/08/00,Club5,Club4,1,3,A,15.0,9.0,7.0,4.0,1.57,3.33,6.1,1.58,2.17,2000/2001
237,Example2,31/08/00,Club3,Club6,0,0,D,,,,,2.13,3.15,3.1,1.71,2.0,2000/2001
238,Example2,10/09/00,Club14,Club8,0,5,A,,,,,6.81,4.29,1.4,2.34,1.54,2000/2001
239,Example2,10/09/00,Club12,Club10,0,4,A,,,,,3.08,3.21,2.18,1.72,2.03,2000/2001
240,Example2,10/09/00,Club11,Club1,4,2,H,,,,,2.23,3.22,2.91,1.86,1.86,2000/2001
241,Example2,10/09/00,Club13,Club9,4,1,H,16.0,14.0,7.0,6.0,1.62,3.58,5.37,1.83,1.9,2000/2001
242,Example2,10/09/00,Club15,Club7,1,0,H,8.0,3.0,4.0,1.0,1.33,5.25,9.21,2.56,1.5,2000/2001
243,Example2,10/09/00,Club2,Club5,1,1,D,18.0,10.0,5.0,2.0,2.38,3.19,3.1,1.64,2.24,2000/2001
244,Example2,10/09/00,Club4,Club3,0,4,A,13.0,18.0,7.0,7.0,2.44,3.59,2.79,2.58,1.49,2000/2001
245,Example2,20/09/00,Club6,Club14,2,1,H,21.0,17.0,,,2.4,3.22,2.68,2.38,1.51,2000/2001
246,Example2,20/09/00,Club8,Club12,2,0,H,,,,,1.33,4.72,9.21,1.98,1.79,2000/2001
247,Example2,20/09/00,Club1,Club10,0,0,D,15.0,5.0,4.0,2.0,1.81,3.28,4.69,1.66,2.13,2000/2001
248,Example2,20/09/00,Club9,Club11,1,1,D,,,,,2.84,2.82,2.58,1.57,2.27,2000/2001
249,Example2,20/09/00,Club7,Club13,3,0,H,7.0,11.0,3.0,3.0,1.36,4.94,7.76,2.43,1.53,2000/2001
250,Example2,20/09/00,Club5,Club15,2,1,H,13.0,11.0,3.0,8.0,2.57,3.17,2.63,1.89,1.85,2000/2001
251,Example2,20/09/00,Club3,Club2,2,0,H,17.0,14.0,13.0,8.0,1.42,4.01,7.76,2.19,1.6,2000/2001
252,Example2,30/09/00,Club14,Club4,2,2,D,,,,,2.28,3.01,2.98,1.55,2.21,2000/2001
253,Example2,30/09/00,Club12,Club6,0,1,A,11.0,16.0,3.0,6.0,3.59,3.02,2.08,1.67,2.1,2000/2001
254,Example2,30/09/00,Club10,Club8,1,2,A,9.0,8.0,3.0,4.0,2.29,3.24,2.88,1.63,2.16,2000/2001
255,Example2,30/09/00,Club9,Club1,0,3,A,17.0,9.0,1.0,7.0,2.91,3.59,2.28,2.18,1.67,2000/2001
256,Example2,30/09/00,Club11,Club7,1,0,H,11.0,6.0,3.0,2.0,1.68,3.51,5.6,1.59,2.29,2000/2001
257,Example2,30/09/00,Club13,Club5,3,1,H,,,,,1.56,3.67,5.78,1.83,1.95,2000/2001
258,Example2,30/09/00,Club15,Club3,2,0,H,9.0,9.0,5.0,1.0,2.08,3.4,3.45,1.89,1.88,2000/2001
259,Example2,10/10/00,Club2,Club14,2,0,H,11.0,3.0,5.0,2.0,1.24,6.09,13.32,2.05,1.77,2000/2001
260,Example2,10/10/00,Club4,Club12,0,0,D,14.0,10.0,6.0,3.0,2.74,3.25,2.57,1.77,2.03,2000/2001
261,Example2,10/10/00,Club6,Club10,3,1,H,,,,,2.24,3.22,3.09,1.78,2.01,2000/2001
262,Example2,10/10/00,Club1,Club8,1,0,H,16.0,6.0,7.0,3.0,1.88,3.42,4.24,1.65,2.23,2000/2001
263,Example2,10/10/00,Club7,Club9,1,3,A,4.0,10.0,0.0,5.0,3.04,3.1,2.38,1.67,2.11,2000/2001
264,Example2,10/10/00,Club5,Club11,3,0,H,,,,,2.67,3.24,2.41,1.71,2.05,2000/2001
265,Example2,10/10/00,Club3,Club13,2,1,H,,,,,2.15,3.29,3.28,1.87,1.92,2000/2001
266,Example2,20/10/00,Club14,Club15,4,0,H,14.0,9.0,6.0,2.0,2.32,3.16,3.1,1.72,2.09,2000/2001
267,Example2,20/10/00,Club12,Club2,1,1,D,12.0,7.0,7.0,4.0,1.64,3.4,5.11,1.73,2.0,2000/2001
268,Example2,20/10/00,Club10,Club4,1,1,D,14.0,14.0,3.0,7.0,3.17,3.49,2.17,1.94,1.86,2000/2001
269,Example2,20/10/00,Club8,Club6,3,1,H,16.0,8.0,5.0,5.0,1.2,7.37,13.26,3.55,1.4,2000/2001
270,Example2,20/10/00,Club7,Club1,2,0,H,13.0,8.0,7.0,0.0,2.14,3.33,3.46,1.88,1.91,2000/2001
271,Example2,20/10/00,Club9,Club5,2,1,H,12.0,13.0,6.0,3.0,1.52,4.47,5.97,2.48,1.53,2000/2001
272,Example2,20/10/00,Club11,Club3,0,0,D,20.0,8.0,7.0,2.0,1.78,3.24,4.1,1.76,1.95,2000/2001
273,Example2,30/10/00,Club13,Club14,0,1,A,,,,,2.47,3.04,2.98,1.55,2.34,2000/2001
274,Example2,30/10/00,Club15,Club12,2,1,H,17.0,13.0,3.0,5.0,1.41,4.5,7.38,2.11,1.7,2000/2001
275,Example2,30/10/00,Club2,Club10,1,1,D,8.0,9.0,4.0,3.0,6.11,3.83,1.53,1.97,1.79,2000/2001
276,Example2,30/10/00,Club4,Club8,0,0,D,8.0,10.0,0.0,2.0,2.67,3.11,2.82,1.64,2.25,2000/2001
277,Example2,30/10/00,Club1,Club6,2,1,H,,,,,2.4,3.06,2.93,1.63,2.17,2000/2001
278,Example2,30/10/00,Club5,Club7,0,1,A,,,,,3.0,3.25,2.27,1.72,2.06,2000/2001
279,Example2,30/10/00,Club3,Club9,2,2,D,14.0,12.0,6.0,7.0,2.56,3.58,2.65,2.12,1.73,2000/2001
280,Example2,09/11/00,Club14,Club11,2,0,H,22.0,10.0,11.0,7.0,2.15,3.18,3.22,1.84,1.88,2000/2001
281,Example2,09/11/00,Club12,Club13,2,2,D,9.0,14.0,4.0,7.0,2.83,3.24,2.52,1.87,1.94,2000/2001
282,Example2,09/11/00,Club10,Club15,1,1,D,,,,,2.5,2.78,2.79,1.51,2.28,2000/2001
283,Example2,09/11/00,Club8,Club2,2,0,H,6.0,7.0,3.0,2.0,2.23,3.1,3.47,1.51,2.5,2000/2001
284,Example2,09/11/00,Club6,Club4,1,4,A,,,,,1.58,3.79,4.65,1.84,1.86,2000/2001
285,Example2,09/11/00,Club5,Club1,2,2,D,14.0,7.0,6.0,4.0,1.82,3.03,4.45,1.66,2.06,2000/2001
286,Example2,09/11/00,Club7,Club3,1,1,D,24.0,9.0,3.0,4.0,5.28,3.97,1.61,2.33,1.56,2000/2001
287,Example2,19/11/00,Club9,Club14,1,0,H,14.0,6.0,5.0,4.0,1.69,3.76,4.8,2.23,1.62,2000/2001
288,Example2,19/11/00,Club11,Club12,5,4,H,,,,,1.84,3.32,3.71,2.02,1.65,2000/2001
289,Example2,19/11/00,Club13,Club10,1,2,A,11.0,13.0,7.0,6.0,2.25,3.19,2.84,1.73,1.97,2000/2001
290,Example2,19/11/00,Club15,Club8,1,1,D,,,,,2.19,2.96,3.54,1.58,2.28,2000/2001
291,Example2,19/11/00,Club2,Club6,0,0,D,8.0,3.0,3.0,1.0,2.25,2.36,4.08,1.97,1.75,2000/2001
292,Example2,19/11/00,Club1,Club4,1,2,A,11.0,9.0,6.0,4.0,2.17,3.33,3.38,1.77,2.05,2000/2001
293,Example2,19/11/00,Club3,Club5,0,0,D,15.0,12.0,5.0,5.0,2.12,3.33,3.4,2.04,1.76,2000/2001
294,Example2,29/11/00,Club14,Club7,0,0,D,,,,,2.01,3.13,3.75,1.48,2.48,2000/2001
295,Example2,29/11/00,Club12,Club9,2,0,H,18.0,8.0,7.0,3.0,1.52,4.43,5.72,2.67,1.45,2000/2001
296,Example2,29/11/00,Club10,Club11,3,1,H,11.0,6.0,6.0,3.0,2.69,3.06,2.46,1.89,1.85,2000/2001
297,Example2,29/11/00,Club8,Club13,2,1,H,,,,,5.36,3.49,1.57,1.88,1.85,2000/2001
298,Example2,29/11/00,Club6,Club15,1,3,A,,,,,2.9,2.8,2.48,1.58,2.25,2000/2001
299,Example2,29/11/00,Club4,Club2,2,3,A,7.0,9.0,4.0,5.0,3.4,3.16,2.16,1.67,2.12,2000/2001
300,Example2,29/11/00,Club3,Club1,3,1,H,,,,,2.12,3.27,3.22,2.1,1.68,2000/2001
301,Example2,09/12/00,Club5,Club14,3,0,H,23.0,9.0,10.0,5.0,1.17,6.88,16.27,2.54,1.47,2000/2001
302,Example2,09/12/00,Club7,Club12,0,0,D,13.0,5.0,2.0,0.0,1.78,3.3,5.03,1.55,2.39,2000/2001
303,Example2,09/12/00,Club9,Club10,2,0,H,15.0,13.0,5.0,9.0,3.26,3.21,2.04,1.89,1.82,2000/2001
304,Example2,09/12/00,Club11,Club8,2,1,H,,,,,2.13,3.22,3.4,1.67,2.14,2000/2001
305,Example2,09/12/00,Club13,Club6,2,4,A,14.0,18.0,9.0,15.0,1.8,3.36,4.41,1.76,2.01,2000/2001
306,Example2,09/12/00,Club15,Club4,1,2,A,7.0,11.0,7.0,5.0,1.76,3.52,4.77,1.96,1.81,2000/2001
307,Example2,09/12/00,Club1,Club2,2,1,H,14.0,20.0,6.0,9.0,2.24,3.46,3.25,2.09,1.76,2000/2001
308,Example2,19/12/00,Club14,Club3,1,1,D,9.0,11.0,4.0,5.0,2.45,3.19,2.68,1.7,2.03,2000/2001
309,Example2,19/12/00,Club12,Club5,1,2,A,7.0,9.0,3.0,6.0,4.65,3.74,1.71,2.05,1.74,2000/2001
310,Example2,19/12/00,Club10,Club7,3,1,H,27.0,2.0,14.0,1.0,1.04,17.52,45.03,5.52,1.14,2000/2001
311,Example2,19/12/00,Club8,Club9,1,1,D,16.0,7.0,6.0,4.0,1.96,3.35,4.08,1.69,2.14,2000/2001
312,Example2,19/12/00,Club6,Club11,3,1,H,22.0,13.0,8.0,6.0,1.09,10.11,24.81,3.84,1.23,2000/2001
313,Example2,19/12/00,Club4,Club13,4,1,H,,,,,1.75,3.22,4.27,1.69,2.0,2000/2001
314,Example2,19/12/00,Club2,Club15,3,3,D,11.0,6.0,4.0,4.0,2.37,3.18,3.2,1.59,2.33,2000/2001
315,Example2,01/02/01,Club15,Club1,1,0,H,9.0,10.0,2.0,5.0,1.49,3.68,6.63,1.73,1.99,2000/2001
316,Example2,01/02/01,Club13,Club2,1,2,A,,,,,2.14,2.94,3.23,1.67,2.06,2000/2001
317,Example2,01/02/01,Club11,Club4,1,1,D,,,,,2.1,3.22,3.19,1.83,1.91,2000/2001
318,Example2,01/02/01,Club9,Club6,1,0,H,,,,,4.5,3.37,1.69,1.96,1.7,2000/2001
319,Example2,01/02/01,Club7,Club8,0,1,A,9.0,19.0,3.0,7.0,3.65,3.29,2.07,1.64,2.17,2000/2001
320,Example2,01/02/01,Club5,Club10,2,1,H,16.0,8.0,9.0,2.0,1.77,3.45,4.77,1.65,2.19,2000/2001
321,Example2,01/02/01,Club3,Club12,1,0,H,13.0,4.0,6.0,4.0,1.59,3.69,6.27,1.77,2.03,2000/2001
322,Example2,11/02/01,Club1,Club14,1,1,D,9.0,11.0,4.0,6.0,1.95,3.49,3.7,1.97,1.81,2000/2001
323,Example2,11/02/01,Club15,Club13,2,2,D,17.0,9.0,7.0,3.0,1.17,7.7,16.12,2.96,1.39,2000/2001
324,Example2,11/02/01,Club2,Club11,1,4,A,11.0,10.0,4.0,5.0,2.1,3.21,3.16,1.71,2.01,2000/2001
325,Example2,11/02/01,Club4,Club9,2,1,H,14.0,4.0,4.0,2.0,1.6,3.65,5.75,2.05,1.72,2000/2001
326,Example2,11/02/01,Club6,Club7,2,1,H,,,,,1.84,3.05,4.62,1.65,2.1,2000/2001
327,Example2,11/02/01,Club8,Club5,3,2,H,12.0,7.0,5.0,4.0,2.43,3.26,3.0,1.78,2.04,2000/2001
328,Example2,11/02/01,Club10,Club3,0,0,D,9.0,16.0,2.0,6.0,4.46,3.74,1.8,2.01,1.81,2000/2001
329,Example2,21/02/01,Club12,Club14,4,0,H,12.0,1.0,6.0,1.0,2.23,3.3,3.06,1.96,1.81,2000/2001
330,Example2,21/02/01,Club1,Club13,2,2,D,13.0,10.0,3.0,3.0,2.37,3.44,2.97,2.05,1.76,2000/2001
331,Example2,21/02/01,Club11,Club15,2,0,H,12.0,22.0,7.0,3.0,1.38,5.08,7.7,2.93,1.39,2000/2001
332,Example2,21/02/01,Club9,Club2,0,2,A,17.0,11.0,2.0,3.0,3.31,3.36,2.19,1.77,2.01,2000/2001
333,Example2,21/02/01,Club7,Club4,4,0,H,,,,,1.69,3.25,4.94,1.52,2.37,2000/2001
334,Example2,21/02/01,Club5,Club6,4,1,H,,,,,2.07,2.97,3.43,1.52,2.27,2000/2001
335,Example2,21/02/01,Club3,Club8,6,0,H,,,,,1.42,4.38,7.01,2.19,1.62,2000/2001
336,Example2,03/03/01,Club14,Club10,2,3,A,,,,,4.35,4.03,1.69,3.03,1.35,2000/2001
337,Example2,03/03/01,Club12,Club1,3,0,H,,,,,1.97,3.22,3.88,1.7,2.12,2000/2001
338,Example2,03/03/01,Club13,Club11,0,4,A,,,,,2.49,2.74,2.84,1.86,1.98,2000/2001
339,Example2,03/03/01,Club15,Club9,2,1,H,19.0,13.0,12.0,5.0,2.66,3.24,2.64,1.79,1.99,2000/2001
340,Example2,03/03/01,Club2,Club7,4,3,H,,,,,1.79,3.31,3.98,2.0,1.71,2000/2001
341,Example2,03/03/01,Club4,Club5,2,1,H,,,,,1.74,3.37,4.15,2.0,1.68,2000/2001
342,Example2,03/03/01,Club6,Club3,0,2,A,12.0,14.0,3.0,8.0,6.62,3.65,1.52,1.76,1.99,2000/2001
343,Example2,13/03/01,Club8,Club14,0,1,A,10.0,18.0,1.0,3.0,8.94,4.91,1.38,2.13,1.71,2000/2001
344,Example2,13/03/01,Club10,Club12,1,0,H,6.0,14.0,2.0,4.0,1.9,3.67,4.07,2.18,1.7,2000/2001
345,Example2,13/03/01,Club1,Club11,1,0,H,15.0,6.0,9.0,2.0,1.4,4.45,8.43,2.08,1.74,2000/2001
346,Example2,13/03/01,Club9,Club13,3,4,A,14.0,15.0,7.0,7.0,2.55,3.3,2.71,1.89,1.89,2000/2001
347,Example2,13/03/01,Club7,Club15,2,2,D,,,,,2.84,2.93,2.45,1.69,2.08,2000/2001
348,Example2,13/03/01,Club5,Club2,4,0,H,17.0,5.0,11.0,2.0,1.63,3.9,5.15,2.02,1.75,2000/2001
349,Example2,13/03/01,Club3,Club4,1,0,H,17.0,6.0,4.0,1.0,1.68,3.8,5.05,1.93,1.85,2000/2001
350,Example2,23/03/01,Club14,Club6,1,2,A,25.0,6.0,7.0,4.0,1.23,5.98,12.91,2.46,1.52,2000/2001
351,Example2,23/03/01,Club12,Club8,2,2,D,24.0,15.0,9.0,3.0,3.28,3.29,2.25,1.75,2.08,2000/2001
352,Example2,23/03/01,Club10,Club1,3,0,H,23.0,10.0,5.0,1.0,1.87,3.46,4.04,2.01,1.77,2000/2001
353,Example2,23/03/01,Club11,Club9,0,0,D,,,,,1.88,3.15,4.37,1.62,2.22,2000/2001
354,Example2,23/03/01,Club13,Club7,2,1,H,13.0,7.0,4.0,3.0,1.46,4.54,7.17,2.02,1.79,2000/2001
355,Example2,23/03/01,Club15,Club5,0,0,D,18.0,9.0,10.0,4.0,2.65,2.81,2.9,1.37,2.88,2000/2001
356,Example2,23/03/01,Club2,Club3,0,3,A,5.0,12.0,2.0,6.0,4.37,3.43,1.73,2.1,1.66,2000/2001
357,Example2,02/04/01,Club4,Club14,0,4,A,,,,,1.86,3.37,3.98,2.13,1.65,2000/2001
358,Example2,02/04/01,Club6,Club12,4,0,H,18.0,18.0,8.0,5.0,1.93,3.71,3.77,2.32,1.59,2000/2001
359,Example2,02/04/01,Club8,Club10,2,1,H,13.0,7.0,4.0,3.0,2.24,2.89,3.63,1.46,2.64,2000/2001
360,Example2,02/04/01,Club1,Club9,1,2,A,,,,,2.39,3.26,2.61,1.93,1.73,2000/2001
361,Example2,02/04/01,Club7,Club11,1,1,D,,,,,2.11,3.15,3.48,1.58,2.31,2000/2001
362,Example2,02/04/01,Club5,Club13,1,0,H,15.0,16.0,6.0,2.0,1.39,4.64,7.48,2.35,1.56,2000/2001
363,Example2,02/04/01,Club3,Club15,1,0,H,,,,,1.74,2.95,5.22,1.59,2.14,2000/2001
364,Example2,12/04/01,Club14,Club2,0,0,D,6.0,16.0,2.0,4.0,3.55,3.29,2.07,1.76,2.03,2000/2001
365,Example2,12/04/01,Club12,Club4,0,0,D,19.0,7.0,2.0,1.0,1.56,3.72,6.42,1.85,1.92,2000/2001
366,Example2,12/04/01,Club10,Club6,1,0,H,13.0,11.0,6.0,6.0,3.01,3.31,2.28,1.92,1.86,2000/2001
367,Example2,12/04/01,Club8,Club1,1,0,H,9.0,12.0,3.0,0.0,2.18,3.11,3.46,1.61,2.26,2000/2001
368,Example2,12/04/01,Club9,Club7,2,0,H,,,,,1.54,3.67,5.86,1.77,1.98,2000/2001
369,Example2,12/04/01,Club11,Club5,2,0,H,,,,,1.45,4.31,7.08,1.96,1.82,2000/2001
370,Example2,12/04/01,Club13,Club3,0,1,A,28.0,8.0,11.0,2.0,3.04,3.58,2.27,2.34,1.59,2000/2001
371,Example2,22/04/01,Club15,Club14,2,1,H,,,,,2.5,2.92,2.92,1.43,2.66,2000/2001
372,Example2,22/04/01,Club2,Club12,0,2,A,4.0,12.0,1.0,4.0,6.35,3.7,1.56,1.8,1.95,2000/2001
373,Example2,22/04/01,Club4,Club10,1,4,A,,,,,4.79,3.52,1.8,1.74,2.01,2000/2001
374,Example2,22/04/01,Club6,Club8,1,1,D,,,,,1.84,3.21,4.38,1.51,2.41,2000/2001
375,Example2,22/04/01,Club1,Club7,0,0,D,16.0,5.0,8.0,4.0,1.43,4.21,8.2,1.95,1.83,2000/2001
376,Example2,22/04/01,Club5,Club9,2,1,H,9.0,5.0,4.0,2.0,2.23,3.22,2.96,1.76,1.94,2000/2001
377,Example2,22/04/01,Club3,Club11,2,2,D,25.0,10.0,7.0,3.0,2.14,3.29,3.59,1.67,2.18,2000/2001
378,Example2,02/05/01,Club14,Club13,5,0,H,22.0,5.0,10.0,1.0,1.53,4.67,5.62,2.83,1.42,2000/2001
379,Example2,02/05/01,Club12,Club15,1,3,A,8.0,9.0,4.0,4.0,2.02,3.39,3.37,1.91,1.83,2000/2001
380,Example2,02/05/01,Club10,Club2,0,0,D,,,,,2.11,3.2,3.08,1.72,1.97,2000/2001
381,Example2,02/05/01,Club8,Club4,1,1,D,,,,,1.78,3.38,4.3,1.74,2.01,2000/2001
382,Example2,02/05/01,Club6,Club1,0,1,A,17.0,17.0,11.0,5.0,4.28,3.38,1.79,2.27,1.57,2000/2001
383,Example2,02/05/01,Club7,Club5,1,0,H,,,,,1.54,3.87,6.32,1.82,1.96,2000/2001
384,Example2,02/05/01,Club9,Club3,4,1,H,14.0,7.0,8.0,1.0,1.37,4.76,9.77,1.87,1.96,2000/2001
385,Example2,12/05/01,Club11,Club14,2,0,H,8.0,21.0,4.0,9.0,4.3,3.72,1.79,2.03,1.79,2000/2001
386,Example2,12/05/01,Club13,Club12,0,0,D,,,,,2.07,2.94,3.9,1.44,2.67,2000/2001
387,Example2,12/05/01,Club15,Club10,2,0,H,11.0,4.0,4.0,2.0,1.9,3.26,3.85,1.71,2.03,2000/2001
388,Example2,12/05/01,Club2,Club8,3,3,D,8.0,22.0,5.0,11.0,3.12,2.82,2.52,1.5,2.52,2000/2001
389,Example2,12/05/01,Club4,Club6,1,1,D,18.0,11.0,5.0,3.0,1.89,3.53,3.96,1.92,1.85,2000/2001
390,Example2,12/05/01,Club1,Club5,1,0,H,13.0,17.0,3.0,4.0,2.6,3.4,2.72,2.01,1.8,2000/2001
391,Example2,12/05/01,Club3,Club7,1,0,H,,,,,1.59,3.14,5.98,1.61,2.13,2000/2001
392,Example2,22/05/01,Club14,Club9,0,1,A,,,,,2.37,3.0,3.12,1.55,2.35,2000/2001
393,Example2,22/05/01,Club12,Club11,2,0,H,34.0,12.0,7.0,3.0,1.22,5.36,12.85,2.11,1.65,2000/2001
394,Example2,22/05/01,Club10,Club13,0,0,D,,,,,1.7,3.08,5.96,1.63,2.16,2000/2001
395,Example2,22/05/01,Club8,Club15,0,2,A,12.0,14.0,4.0,4.0,2.5,2.89,3.09,1.58,2.34,2000/2001
396,Example2,22/05/01,Club6,Club2,3,3,D,11.0,17.0,5.0,5.0,2.13,3.23,3.66,1.57,2.37,2000/2001
397,Example2,22/05/01,Club4,Club1,4,0,H,25.0,5.0,11.0,2.0,1.14,7.8,18.43,2.81,1.41,2000/2001
398,Example2,22/05/01,Club5,Club3,1,3,A,12.0,10.0,7.0,5.0,2.52,2.85,3.05,1.54,2.4,2000/2001
399,Example2,01/06/01,Club7,Club14,2,2,D,15.0,6.0,8.0,3.0,3.73,4.03,1.88,2.65,1.46,2000/2001
400,Example2,01/06/01,Club9,Club12,0,2,A,11.0,16.0,3.0,3.0,2.42,3.09,3.01,1.75,2.04,2000/2001
401,Example2,01/06/01,Club11,Club10,1,0,H,,,,,1.4,4.05,7.88,1.72,2.05,2000/2001
402,Example2,01/06/01,Club13,Club8,0,0,D,10.0,10.0,6.0,4.0,2.25,3.17,2.79,1.77,1.91,2000/2001
403,Example2,01/06/01,Club15,Club6,0,0,D,,,,,2.23,2.99,3.33,1.47,2.55,2000/2001
404,Example2,01/06/01,Club2,Club4,2,0,H,14.0,14.0,5.0,5.0,3.09,3.19,2.34,1.75,2.06,2000/2001
405,Example2,01/06/01,Club1,Club3,0,1,A,7.0,8.0,3.0,4.0,3.03,3.23,2.33,1.6,2.29,2000/2001
406,Example2,11/06/01,Club14,Club5,5,0,H,,,,,1.98,3.24,3.77,1.59,2.27,2000/2001
407,Example2,11/06/01,Club12,Club7,1,1,D,26.0,14.0,14.0,8.0,1.94,3.37,3.86,1.74,2.04,2000/2001
408,Example2,11/06/01,Club10,Club9,1,2,A,,,,,1.94,3.17,3.9,1.54,2.34,2000/2001
409,Example2,11/06/01,Club8,Club11,0,1,A,20.0,14.0,3.0,6.0,2.06,3.47,3.61,1.91,1.89,2000/2001
410,Example2,11/06/01,Club6,Club13,1,2,A,18.0,8.0,10.0,4.0,2.72,3.17,2.4,1.71,2.02,2000/2001
411,Example2,11/06/01,Club4,Club15,1,0,H,13.0,11.0,7.0,3.0,2.36,3.13,2.74,1.68,2.03,2000/2001
412,Example2,11/06/01,Club2,Club1,0,0,D,,,,,1.39,3.91,7.38,2.12,1.59,2000/2001
413,Example2,21/06/01,Club3,Club14,1,1,D,10.0,21.0,5.0,7.0,2.93,3.27,2.45,1.85,1.96,2000/2001
414,Example2,21/06/01,Club5,Club12,1,2,A,13.0,11.0,7.0,4.0,2.12,3.52,3.29,2.34,1.56,2000/2001
415,Example2,21/06/01,Club7,Club10,1,0,H,10.0,12.0,4.0,5.0,1.66,3.78,5.71,1.77,2.06,2000/2001
416,Example2,21/06/01,Club9,Club8,2,3,A,,,,,2.53,2.84,3.05,1.46,2.6,2000/2001
417,Example2,21/06/01,Club11,Club6,4,1,H,18.0,10.0,10.0,3.0,2.46,3.25,2.71,2.12,1.66,2000/2001
418,Example2,21/06/01,Club13,Club4,1,0,H,,,,,2.72,3.03,2.6,1.57,2.29,2000/2001
419,Example2,21/06/01,Club15,Club2,1,2,A,16.0,5.0,4.0,3.0,1.28,5.94,10.6,2.24,1.66,2000/2001
420,Example3,01/08/00,Squad1,Squad15,1,0,H,,,,,2.35,2.88,3.15,1.64,2.12,2000/2001
421,Example3,01/08/00,Squad2,Squad13,2,0,H,,,,,1.4,3.96,7.03,1.89,1.82,2000/2001
422,Example3,01/08/00,Squad4,Squad11,4,1,H,11.0,7.0,4.0,3.0,1.59,3.68,6.28,1.65,2.23,2000/2001
423,Example3,01/08/00,Squad6,Squad9,1,1,D,12.0,7.0,5.0,4.0,1.78,3.74,4.48,2.16,1.68,2000/2001
424,Example3,01/08/00,Squad8,Squad7,1,1,D,15.0,17.0,6.0,8.0,4.38,3.54,1.8,1.8,1.97,2000/2001
425,Example3,01/08/00,Squad10,Squad5,4,0,H,13.0,13.0,9.0,6.0,1.65,3.74,5.17,2.15,1.68,2000/2001
426,Example3,01/08/00,Squad12,Squad3,2,3,A,21.0,11.0,11.0,4.0,2.06,3.22,3.63,1.55,2.38,2000/2001
427,Example3,11/08/00,Squad14,Squad1,6,0,H,19.0,5.0,9.0,0.0,1.69,3.79,4.76,2.26,1.62,2000/2001
428,Example3,11/08/00,Squad13,Squad15,0,0,D,13.0,14.0,9.0,7.0,2.22,3.22,3.18,1.7,2.06,2000/2001
429,Example3,11/08/00,Squad11,Squad2,1,2,A,6.0,3.0,1.0,2.0,3.98,3.33,1.9,1.83,1.93,2000/2001
430,Example3,11/08/00,Squad9,Squad4,3,0,H,,,,,1.76,3.43,4.37,1.87,1.87,2000/2001
431,Example3,11/08/00,Squad7,Squad6,0,3,A,,,,,2.64,3.1,2.64,1.82,1.94,2000/2001
432,Example3,11/08/00,Squad5,Squad8,1,3,A,,,,,2.16,3.02,3.4,1.47,2.56,2000/2001
433,Example3,11/08/00,Squad3,Squad10,3,1,H,,,,,2.34,3.42,2.85,2.45,1.51,2000/2001
434,Example3,21/08/00,Squad14,Squad12,1,1,D,11.0,16.0,3.0,6.0,3.16,3.0,2.38,1.54,2.39,2000/2001
435,Example3,21/08/00,Squad13,Squad1,3,3,D,,,,,2.34,3.27,2.73,2.16,1.62,2000/2001
436,Example3,21/08/00,Squad15,Squad11,2,2,D,22.0,8.0,7.0,4.0,1.38,4.18,7.85,1.91,1.83,2000/2001
437,Example3,21/08/00,Squad2,Squad9,2,1,H,,,,,2.14,3.36,3.28,1.99,1.79,2000/2001
438,Example3,21/08/00,Squad4,Squad7,0,2,A,,,,,2.1,3.34,3.36,1.84,1.93,2000/2001
439,Example3,21/08/00,Squad6,Squad5,0,4,A,5.0,16.0,1.0,7.0,1.96,3.51,3.73,2.14,1.7,2000/2001
440,Example3,21/08/00,Squad8,Squad3,1,0,H,10.0,10.0,6.0,5.0,1.96,3.17,4.0,1.63,2.2,2000/2001
441,Example3,31/08/00,Squad10,Squad14,0,1,A,6.0,5.0,3.0,1.0,2.78,3.4,2.43,1.99,1.82,2000/2001
442,Example3,31/08/00,Squad1,Squad12,2,0,H,22.0,4.0,13.0,1.0,1.19,6.17,13.68,2.33,1.54,2000/2001
443,Example3,31/08/00,Squad11,Squad13,2,2,D,,,,,2.33,2.7,3.25,1.62,2.12,2000/2001
444,Example3,31/08/00,Squad9,Squad15,2,0,H,,,,,1.58,3.94,5.37,2.07,1.73,2000/2001
445,Example3,31/08/00,Squad7,Squad2,0,0,D,5.0,7.0,2.0,3.0,3.91,3.81,1.88,2.25,1.64,2000/2001
446,Example3,31/08/00,Squad5,Squad4,1,2,A,17.0,14.0,5.0,10.0,4.37,3.68,1.81,2.12,1.72,2000/2001
447,Example3,31/08/00,Squad3,Squad6,1,0,H,,,,,1.68,3.46,4.41,1.93,1.79,2000/2001
448,Example3,10/09/00,Squad14,Squad8,5,2,H,12.0,12.0,7.0,3.0,1.44,5.17,6.49,3.21,1.35,2000/2001
449,Example3,10/09/00,Squad12,Squad10,1,2,A,,,,,1.93,3.32,3.74,2.0,1.79,2000/2001
450,Example3,10/09/00,Squad11,Squad1,1,1,D,9.0,5.0,4.0,1.0,2.09,3.21,3.08,1.68,2.04,2000/2001
451,Example3,10/09/00,Squad13,Squad9,2,5,A,15.0,11.0,11.0,8.0,1.92,2.97,4.06,1.51,2.34,2000/2001
452,Example3,10/09/00,Squad15,Squad7,2,2,D,,,,,2.48,3.33,2.52,1.71,2.02,2000/2001
453,Example3,10/09/00,Squad2,Squad5,2,0,H,14.0,15.0,5.0,2.0,1.37,4.69,8.01,2.2,1.65,2000/2001
454,Example3,10/09/00,Squad4,Squad3,1,0,H,,,,,1.63,3.53,4.86,2.27,1.55,2000/2001
455,Example3,20/09/00,Squad6,Squad14,1,1,D,11.0,11.0,3.0,6.0,2.64,3.47,2.63,2.11,1.71,2000/2001
456,Example3,20/09/00,Squad8,Squad12,2,0,H,,,,,3.54,3.34,2.01,1.95,1.82,2000/2001
457,Example3,20/09/00,Squad1,Squad10,2,0,H,12.0,12.0,3.0,4.0,1.83,3.42,4.41,1.72,2.08,2000/2001
458,Example3,20/09/00,Squad9,Squad11,1,0,H,,,,,2.15,3.0,3.39,1.6,2.22,2000/2001
459,Example3,20/09/00,Squad7,Squad13,2,1,H,16.0,7.0,8.0,3.0,1.26,5.12,11.97,2.13,1.66,2000/2001
460,Example3,20/09/00,Squad5,Squad15,1,0,H,19.0,14.0,8.0,4.0,1.69,3.55,4.98,1.77,2.01,2000/2001
461,Example3,20/09/00,Squad3,Squad2,3,1,H,,,,,2.38,3.29,2.79,1.96,1.81,2000/2001
462,Example3,30/09/00,Squad14,Squad4,1,1,D,,,,,1.95,2.96,3.79,1.57,2.2,2000/2001
463,Example3,30/09/00,Squad12,Squad6,1,1,D,6.0,17.0,2.0,4.0,8.07,4.56,1.4,1.98,1.82,2000/2001
464,Example3,30/09/00,Squad10,Squad8,3,1,H,9.0,13.0,3.0,3.0,1.56,3.95,6.31,1.84,1.93,2000/2001
465,Example3,30/09/00,Squad9,Squad1,0,2,A,,,,,3.63,2.79,2.08,1.51,2.38,2000/2001
466,Example3,30/09/00,Squad11,Squad7,3,2,H,,,,,1.71,3.04,5.2,1.7,2.04,2000/2001
467,Example3,30/09/00,Squad13,Squad5,2,2,D,7.0,11.0,4.0,9.0,1.7,3.19,5.06,1.71,2.0,2000/2001
468,Example3,30/09/00,Squad15,Squad3,3,2,H,10.0,16.0,6.0,8.0,3.08,3.38,2.28,2.27,1.63,2000/2001
469,Example3,10/10/00,Squad2,Squad14,3,2,H,12.0,7.0,6.0,3.0,1.96,3.47,3.83,1.82,1.99,2000/2001
470,Example3,10/10/00,Squad4,Squad12,2,0,H,10.0,12.0,3.0,4.0,2.38,3.18,3.18,1.62,2.27,2000/2001
471,Example3,10/10/00,Squad6,Squad10,2,1,H,20.0,5.0,11.0,2.0,2.16,3.25,3.18,1.67,2.09,2000/2001
472,Example3,10/10/00,Squad1,Squad8,2,0,H,9.0,9.0,8.0,1.0,3.79,3.14,2.1,1.47,2.59,2000/2001
473,Example3,10/10/00,Squad7,Squad9,1,1,D,,,,,2.56,2.63,2.97,1.47,2.45,2000/2001
474,Example3,10/10/00,Squad5,Squad11,2,1,H,,,,,2.24,3.01,3.36,1.6,2.23,2000/2001
475,Example3,10/10/00,Squad3,Squad13,0,0,D,,,,,2.42,1.72,9.98,1.58,2.26,2000/2001
476,Example3,20/10/00,Squad14,Squad15,4,2,H,16.0,7.0,8.0,4.0,1.96,3.33,3.84,1.83,1.95,2000/2001
477,Example3,20/10/00,Squad12,Squad2,1,0,H,9.0,9.0,5.0,3.0,2.36,2.89,3.02,1.55,2.27,2000/2001
478,Example3,20/10/00,Squad10,Squad4,4,1,H,,,,,1.52,3.7,6.25,1.76,2.01,2000/2001
479,Example3,20/10/00,Squad8,Squad6,1,0,H,18.0,3.0,6.0,0.0,1.72,3.49,4.95,1.72,2.07,2000/2001
480,Example3,20/10/00,Squad7,Squad1,0,2,A,,,,,2.86,3.27,2.35,1.8,1.98,2000/2001
481,Example3,20/10/00,Squad9,Squad5,0,0,D,11.0,5.0,2.0,0.0,2.05,3.24,3.78,1.6,2.3,2000/2001
482,Example3,20/10/00,Squad11,Squad3,3,1,H,12.0,11.0,5.0,5.0,1.68,3.65,4.83,1.93,1.84,2000/2001
483,Example3,30/10/00,Squad13,Squad14,2,1,H,12.0,5.0,6.0,1.0,1.57,3.39,6.68,1.42,2.71,2000/2001
484,Example3,30/10/00,Squad15,Squad12,0,0,D,13.0,6.0,5.0,2.0,2.06,3.19,3.69,1.63,2.23,2000/2001
485,Example3,30/10/00,Squad2,Squad10,2,0,H,11.0,3.0,3.0,0.0,1.51,3.49,6.37,1.48,2.43,2000/2001
486,Example3,30/10/00,Squad4,Squad8,1,4,A,7.0,16.0,4.0,5.0,2.34,3.27,3.11,1.79,2.03,2000/2001
487,Example3,30/10/00,Squad1,Squad6,3,1,H,,,,,2.07,3.15,3.51,1.57,2.29,2000/2001
488,Example3,30/10/00,Squad5,Squad7,2,3,A,,,,,2.8,3.18,2.48,1.74,2.04,2000/2001
489,Example3,30/10/00,Squad3,Squad9,1,0,H,21.0,8.0,11.0,3.0,1.39,4.44,8.47,2.03,1.76,2000/2001
490,Example3,09/11/00,Squad14,Squad11,0,1,A,,,,,2.92,2.99,2.44,1.5,2.42,2000/2001
491,Example3,09/11/00,Squad12,Squad13,1,4,A,10.0,13.0,3.0,5.0,2.53,2.91,3.0,1.58,2.33,2000/2001
492,Example3,09/11/00,Squad10,Squad15,1,1,D,14.0,8.0,2.0,2.0,1.99,3.13,4.0,1.5,2.47,2000/2001
493,Example3,09/11/00,Squad8,Squad2,1,2,A,,,,,2.91,3.1,2.45,1.61,2.26,2000/2001
494,Example3,09/11/00,Squad6,Squad4,0,2,A,,,,,3.25,3.37,2.07,2.21,1.6,2000/2001
495,Example3,09/11/00,Squad5,Squad1,1,4,A,,,,,1.68,3.48,4.74,1.95,1.78,2000/2001
496,Example3,09/11/00,Squad7,Squad3,1,0,H,7.0,9.0,2.0,2.0,1.59,3.89,5.9,1.95,1.85,2000/2001
497,Example3,19/11/00,Squad9,Squad14,3,0,H,,,,,1.37,4.74,7.78,2.3,1.57,2000/2001
498,Example3,19/11/00,Squad11,Squad12,0,0,D,9.0,9.0,4.0,1.0,2.32,3.18,3.16,1.66,2.18,2000/2001
499,Example3,19/11/00,Squad13,Squad10,2,1,H,17.0,19.0,5.0,6.0,2.18,3.15,3.54,1.54,2.39,2000/2001
500,Example3,19/11/00,Squad15,Squad8,2,1,H,11.0,9.0,3.0,3.0,3.53,3.61,2.01,1.95,1.85,2000/2001
501,Example3,19/11/00,Squad2,Squad6,0,2,A,,,,,2.78,2.72,2.57,1.45,2.39,2000/2001
502,Example3,19/11/00,Squad1,Squad4,5,1,H,12.0,19.0,6.0,10.0,2.42,3.2,2.96,1.89,1.89,2000/2001
503,Example3,19/11/00,Squad3,Squad5,1,0,H,,,,,1.96,3.13,3.96,1.6,2.23,2000/2001
504,Example3,29/11/00,Squad14,Squad7,1,0,H,22.0,8.0,10.0,4.0,1.7,3.17,5.11,1.58,2.19,2000/2001
505,Example3,29/11/00,Squad12,Squad9,0,2,A,15.0,9.0,6.0,4.0,2.27,3.25,2.99,1.75,2.02,2000/2001
506,Example3,29/11/00,Squad10,Squad11,1,2,A,,,,,7.26,4.17,1.45,1.84,1.93,2000/2001
507,Example3,29/11/00,Squad8,Squad13,1,2,A,14.0,13.0,4.0,2.0,1.78,3.72,4.44,2.07,1.73,2000/2001
508,Example3,29/11/00,Squad6,Squad15,2,1,H,6.0,11.0,3.0,4.0,2.1,3.3,3.53,2.01,1.77,2000/2001
509,Example3,29/11/00,Squad4,Squad2,4,2,H,10.0,7.0,7.0,2.0,2.09,3.22,3.48,1.77,2.0,2000/2001
510,Example3,29/11/00,Squad3,Squad1,2,1,H,,,,,1.81,3.55,4.12,2.19,1.64,2000/2001
511,Example3,09/12/00,Squad5,Squad14,1,0,H,,,,,1.92,3.57,3.69,2.21,1.62,2000/2001
512,Example3,09/12/00,Squad7,Squad12,1,3,A,13.0,19.0,5.0,7.0,1.91,3.43,4.3,1.75,2.08,2000/2001
513,Example3,09/12/00,Squad9,Squad10,0,0,D,13.0,6.0,1.0,2.0,1.66,3.51,5.38,1.64,2.22,2000/2001
514,Example3,09/12/00,Squad11,Squad8,0,1,A,6.0,18.0,1.0,4.0,5.41,4.07,1.64,2.28,1.62,2000/2001
515,Example3,09/12/00,Squad13,Squad6,1,1,D,,,,,2.95,2.98,2.5,1.48,2.55,2000/2001
516,Example3,09/12/00,Squad15,Squad4,2,0,H,11.0,14.0,6.0,4.0,2.84,2.94,2.48,1.85,1.85,2000/2001
517,Example3,09/12/00,Squad1,Squad2,2,1,H,,,,,2.06,3.12,3.69,1.59,2.25,2000/2001
518,Example3,19/12/00,Squad14,Squad3,1,2,A,18.0,17.0,6.0,6.0,2.66,3.03,2.72,1.69,2.12,2000/2001
519,Example3,19/12/00,Squad12,Squad5,2,3,A,,,,,2.52,3.06,2.84,1.77,2.01,2000/2001
520,Example3,19/12/00,Squad10,Squad7,3,0,H,,,,,1.56,4.03,5.64,2.14,1.68,2000/2001
521,Example3,19/12/00,Squad8,Squad9,0,0,D,,,,,2.62,3.0,2.63,1.52,2.4,2000/2001
522,Example3,19/12/00,Squad6,Squad11,0,0,D,12.0,10.0,4.0,2.0,3.65,3.39,2.03,1.91,1.86,2000/2001
523,Example3,19/12/00,Squad4,Squad13,1,1,D,13.0,11.0,5.0,5.0,2.23,3.49,3.06,1.98,1.81,2000/2001
524,Example3,19/12/00,Squad2,Squad15,3,0,H,13.0,10.0,3.0,2.0,1.83,3.49,4.19,1.89,1.88,2000/2001
525,Example3,01/02/01,Squad15,Squad1,2,1,H,11.0,5.0,6.0,3.0,1.89,3.25,3.88,1.73,2.04,2000/2001
526,Example3,01/02/01,Squad13,Squad2,1,1,D,,,,,2.39,3.07,2.93,1.56,2.3,2000/2001
527,Example3,01/02/01,Squad11,Squad4,1,0,H,11.0,11.0,3.0,1.0,2.62,3.31,2.71,1.88,1.92,2000/2001
528,Example3,01/02/01,Squad9,Squad6,1,2,A,24.0,5.0,15.0,2.0,1.99,3.47,3.62,2.08,1.73,2000/2001
529,Example3,01/02/01,Squad7,Squad8,4,2,H,12.0,10.0,5.0,3.0,1.83,3.55,4.43,1.82,1.97,2000/2001
530,Example3,01/02/01,Squad5,Squad10,0,0,D,,,,,1.8,2.83,4.99,1.62,2.1,2000/2001
531,Example3,01/02/01,Squad3,Squad12,2,3,A,21.0,9.0,8.0,5.0,2.59,3.09,2.97,1.66,2.2,2000/2001
532,Example3,11/02/01,Squad1,Squad14,0,0,D,11.0,9.0,2.0,4.0,2.13,3.29,3.49,1.71,2.07,2000/2001
533,Example3,11/02/01,Squad15,Squad13,4,0,H,20.0,10.0,13.0,5.0,1.98,3.24,3.53,1.88,1.86,2000/2001
534,Example3,11/02/01,Squad2,Squad11,1,1,D,,,,,2.08,2.83,3.54,1.64,2.03,2000/2001
535,Example3,11/02/01,Squad4,Squad9,1,0,H,23.0,10.0,5.0,2.0,1.25,6.15,12.08,2.71,1.46,2000/2001
536,Example3,11/02/01,Squad6,Squad7,2,2,D,6.0,4.0,3.0,3.0,3.01,3.61,2.26,2.4,1.57,2000/2001
537,Example3,11/02/01,Squad8,Squad5,1,0,H,8.0,12.0,4.0,2.0,2.65,3.16,2.8,1.6,2.3,2000/2001
538,Example3,11/02/01,Squad10,Squad3,1,3,A,16.0,12.0,11.0,8.0,1.96,3.23,3.53,1.93,1.79,2000/2001
539,Example3,21/02/01,Squad12,Squad14,2,0,H,22.0,9.0,13.0,1.0,1.87,3.51,4.05,1.95,1.84,2000/2001
540,Example3,21/02/01,Squad1,Squad13,4,1,H,11.0,11.0,7.0,6.0,2.28,3.04,3.44,1.47,2.6,2000/2001
541,Example3,21/02/01,Squad11,Squad15,1,2,A,18.0,9.0,8.0,3.0,1.97,3.51,3.6,2.0,1.79,2000/2001
542,Example3,21/02/01,Squad9,Squad2,3,0,H,9.0,11.0,7.0,2.0,1.49,3.88,7.24,1.83,1.96,2000/2001
543,Example3,21/02/01,Squad7,Squad4,2,0,H,,,,,2.05,3.49,3.39,2.29,1.59,2000/2001
544,Example3,21/02/01,Squad5,Squad6,1,3,A,10.0,16.0,6.0,5.0,2.95,2.92,2.45,1.59,2.24,2000/2001
545,Example3,21/02/01,Squad3,Squad8,1,1,D,9.0,4.0,4.0,2.0,2.39,3.24,2.78,1.68,2.07,2000/2001
546,Example3,03/03/01,Squad14,Squad10,0,2,A,23.0,11.0,5.0,7.0,2.46,3.28,2.96,1.85,1.95,2000/2001
547,Example3,03/03/01,Squad12,Squad1,2,0,H,,,,,2.01,3.24,3.41,1.85,1.89,2000/2001
548,Example3,03/03/01,Squad13,Squad11,3,0,H,10.0,5.0,7.0,1.0,1.29,5.4,9.72,2.16,1.68,2000/2001
549,Example3,03/03/01,Squad15,Squad9,3,0,H,13.0,6.0,5.0,1.0,1.32,4.96,8.9,2.17,1.65,2000/2001
550,Example3,03/03/01,Squad2,Squad7,0,4,A,,,,,6.96,3.74,1.49,1.76,2.03,2000/2001
551,Example3,03/03/01,Squad4,Squad5,2,1,H,25.0,8.0,9.0,6.0,2.37,3.06,3.13,1.63,2.23,2000/2001
552,Example3,03/03/01,Squad6,Squad3,3,1,H,20.0,10.0,7.0,7.0,2.7,3.08,2.68,1.65,2.18,2000/2001
553,Example3,13/03/01,Squad8,Squad14,2,0,H,8.0,16.0,5.0,7.0,2.35,3.19,2.7,1.77,1.95,2000/2001
554,Example3,13/03/01,Squad10,Squad12,1,2,A,12.0,12.0,4.0,3.0,3.06,3.44,2.33,2.0,1.83,2000/2001
555,Example3,13/03/01,Squad1,Squad11,1,1,D,,,,,1.8,3.37,4.12,2.02,1.71,2000/2001
556,Example3,13/03/01,Squad9,Squad13,0,0,D,20.0,11.0,14.0,2.0,2.13,3.24,3.21,1.67,2.09,2000/2001
557,Example3,13/03/01,Squad7,Squad15,2,0,H,11.0,16.0,8.0,10.0,5.8,3.71,1.55,2.17,1.63,2000/2001
558,Example3,13/03/01,Squad5,Squad2,1,1,D,11.0,13.0,3.0,8.0,1.66,3.71,5.54,1.76,2.05,2000/2001
559,Example3,13/03/01,Squad3,Squad4,2,1,H,,,,,2.24,3.23,2.84,2.07,1.63,2000/2001
560,Example3,23/03/01,Squad14,Squad6,2,1,H,19.0,11.0,6.0,4.0,4.87,4.03,1.63,2.22,1.64,2000/2001
561,Example3,23/03/01,Squad12,Squad8,0,0,D,14.0,13.0,2.0,2.0,2.37,3.58,2.9,2.16,1.72,2000/2001
562,Example3,23/03/01,Squad10,Squad1,2,2,D,12.0,8.0,5.0,4.0,2.35,2.68,3.66,1.42,2.74,2000/2001
563,Example3,23/03/01,Squad11,Squad9,1,1,D,10.0,11.0,7.0,5.0,2.36,2.78,3.35,1.38,2.86,2000/2001
564,Example3,23/03/01,Squad13,Squad7,1,0,H,,,,,2.21,3.43,2.75,1.8,1.97,2000/2001
565,Example3,23/03/01,Squad15,Squad5,2,3,A,12.0,18.0,4.0,10.0,4.0,3.35,1.98,1.64,2.22,2000/2001
566,Example3,23/03/01,Squad2,Squad3,1,1,D,11.0,11.0,9.0,5.0,3.66,3.27,1.9,1.89,1.83,2000/2001
567,Example3,02/04/01,Squad4,Squad14,0,1,A,9.0,10.0,4.0,6.0,5.14,3.62,1.64,1.99,1.76,2000/2001
568,Example3,02/04/01,Squad6,Squad12,0,0,D,,,,,2.21,2.99,3.22,1.55,2.31,2000/2001
569,Example3,02/04/01,Squad8,Squad10,0,1,A,,,,,1.93,3.41,3.71,2.01,1.78,2000/2001
570,Example3,02/04/01,Squad1,Squad9,1,0,H,,,,,1.88,3.21,3.9,1.55,2.33,2000/2001
571,Example3,02/04/01,Squad7,Squad11,0,1,A,24.0,11.0,3.0,4.0,3.09,3.34,2.3,1.88,1.9,2000/2001
572,Example3,02/04/01,Squad5,Squad13,2,1,H,12.0,10.0,5.0,4.0,2.16,3.39,3.23,1.9,1.88,2000/2001
573,Example3,02/04/01,Squad3,Squad15,6,1,H,11.0,13.0,6.0,6.0,2.21,3.17,2.98,1.76,1.97,2000/2001
574,Example3,12/04/01,Squad14,Squad2,2,2,D,9.0,8.0,4.0,4.0,2.99,3.43,2.38,1.87,1.94,2000/2001
575,Example3,12/04/01,Squad12,Squad4,1,3,A,5.0,11.0,2.0,5.0,11.9,6.26,1.23,2.82,1.4,2000/2001
576,Example3,12/04/01,Squad10,Squad6,1,1,D,,,,,2.94,3.33,2.33,1.91,1.85,2000/2001
577,Example3,12/04/01,Squad8,Squad1,1,0,H,20.0,8.0,6.0,1.0,1.69,4.02,4.56,2.19,1.67,2000/2001
578,Example3,12/04/01,Squad9,Squad7,0,1,A,7.0,12.0,3.0,5.0,2.14,3.19,3.25,1.71,2.04,2000/2001
579,Example3,12/04/01,Squad11,Squad5,0,0,D,,,,,2.5,3.0,2.78,1.64,2.14,2000/2001
580,Example3,12/04/01,Squad13,Squad3,1,2,A,8.0,17.0,3.0,7.0,4.17,3.24,1.94,1.61,2.3,2000/2001
581,Example3,22/04/01,Squad15,Squad14,4,0,H,18.0,4.0,8.0,1.0,1.38,4.4,7.82,2.18,1.6,2000/2001
582,Example3,22/04/01,Squad2,Squad12,1,0,H,,,,,1.84,3.29,4.32,1.75,2.06,2000/2001
583,Example3,22/04/01,Squad4,Squad10,3,1,H,7.0,11.0,5.0,4.0,3.08,2.97,2.43,1.68,2.14,2000/2001
584,Example3,22/04/01,Squad6,Squad8,0,0,D,12.0,15.0,9.0,8.0,3.26,3.38,2.19,1.92,1.88,2000/2001
585,Example3,22/04/01,Squad1,Squad7,0,2,A,8.0,21.0,3.0,13.0,3.24,3.39,2.22,2.0,1.81,2000/2001
586,Example3,22/04/01,Squad5,Squad9,1,0,H,,,,,3.08,3.28,2.21,1.87,1.86,2000/2001
587,Example3,22/04/01,Squad3,Squad11,2,3,A,14.0,16.0,3.0,8.0,3.05,3.3,2.34,1.82,2.0,2000/2001
588,Example3,02/05/01,Squad14,Squad13,1,1,D,,,,,1.64,3.59,5.09,1.94,1.8,2000/2001
589,Example3,02/05/01,Squad12,Squad15,3,2,H,5.0,14.0,3.0,4.0,1.21,6.54,12.89,2.84,1.4,2000/2001
590,Example3,02/05/01,Squad10,Squad2,1,0,H,9.0,12.0,2.0,3.0,1.99,3.5,3.82,1.9,1.91,2000/2001
591,Example3,02/05/01,Squad8,Squad4,2,1,H,,,,,2.08,3.27,3.32,1.83,1.92,2000/2001
592,Example3,02/05/01,Squad6,Squad1,0,1,A,7.0,12.0,4.0,8.0,8.59,4.39,1.4,2.25,1.62,2000/2001
593,Example3,02/05/01,Squad7,Squad5,3,1,H,8.0,11.0,4.0,3.0,2.15,3.21,3.49,1.71,2.11,2000/2001
594,Example3,02/05/01,Squad9,Squad3,2,2,D,,,,,2.74,3.37,2.34,2.25,1.6,2000/2001
595,Example3,12/05/01,Squad11,Squad14,1,3,A,23.0,11.0,4.0,5.0,2.23,3.15,3.12,1.72,2.02,2000/2001
596,Example3,12/05/01,Squad13,Squad12,1,3,A,8.0,9.0,6.0,7.0,3.57,3.41,1.98,1.76,2.02,2000/2001
597,Example3,12/05/01,Squad15,Squad10,3,2,H,14.0,6.0,4.0,4.0,2.94,3.09,2.5,1.53,2.47,2000/2001
598,Example3,12/05/01,Squad2,Squad8,2,2,D,,,,,1.74,3.44,4.68,1.82,1.94,2000/2001
599,Example3,12/05/01,Squad4,Squad6,0,1,A,,,,,2.13,3.05,3.42,1.58,2.23,2000/2001
600,Example3,12/05/01,Squad1,Squad5,0,0,D,13.0,10.0,2.0,2.0,1.98,3.11,4.12,1.56,2.38,2000/2001
601,Example3,12/05/01,Squad3,Squad7,0,3,A,14.0,11.0,3.0,5.0,5.78,4.28,1.56,2.08,1.76,2000/2001
602,Example3,22/05/01,Squad14,Squad9,2,0,H,,,,,1.43,4.45,6.81,2.09,1.69,2000/2001
603,Example3,22/05/01,Squad12,Squad11,0,0,D,,,,,1.93,3.47,3.7,2.01,1.76,2000/2001
604,Example3,22/05/01,Squad10,Squad13,2,1,H,12.0,6.0,2.0,3.0,1.8,3.44,4.28,1.66,2.14,2000/2001
605,Example3,22/05/01,Squad8,Squad15,1,6,A,11.0,15.0,4.0,9.0,3.03,3.22,2.29,1.88,1.88,2000/2001
606,Example3,22/05/01,Squad6,Squad2,3,1,H,9.0,7.0,8.0,6.0,1.54,3.63,6.21,2.04,1.7,2000/2001
607,Example3,22/05/01,Squad4,Squad1,0,2,A,,,,,1.97,3.06,3.89,1.45,2.61,2000/2001
608,Example3,22/05/01,Squad5,Squad3,3,2,H,15.0,16.0,6.0,7.0,1.61,3.79,5.9,1.74,2.07,2000/2001
609,Example3,01/06/01,Squad7,Squad14,1,4,A,,,,,2.67,3.25,2.47,1.82,1.92,2000/2001
610,Example3,01/06/01,Squad9,Squad12,1,0,H,17.0,8.0,6.0,3.0,2.68,3.23,2.74,1.7,2.13,2000/2001
611,Example3,01/06/01,Squad11,Squad10,1,2,A,21.0,6.0,5.0,3.0,1.84,3.61,4.37,2.22,1.66,2000/2001
612,Example3,01/06/01,Squad13,Squad8,2,4,A,,,,,1.75,3.19,5.24,1.51,2.43,2000/2001
613,Example3,01/06/01,Squad15,Squad6,0,0,D,16.0,9.0,5.0,2.0,2.04,3.13,3.84,1.58,2.33,2000/2001
614,Example3,01/06/01,Squad2,Squad4,1,1,D,,,,,2.34,2.9,3.24,1.57,2.31,2000/2001
615,Example3,01/06/01,Squad1,Squad3,2,1,H,,,,,3.12,3.2,2.31,1.68,2.12,2000/2001
616,Example3,11/06/01,Squad14,Squad5,3,1,H,17.0,32.0,,,1.44,3.8,6.76,2.01,1.7,2000/2001
617,Example3,11/06/01,Squad12,Squad7,2,0,H,16.0,10.0,6.0,6.0,1.94,3.32,3.86,1.66,2.11,2000/2001
618,Example3,11/06/01,Squad10,Squad9,2,1,H,,,,,1.67,3.5,5.02,1.83,1.96,2000/2001
619,Example3,11/06/01,Squad8,Squad11,0,1,A,,,,,2.67,3.19,2.67,1.77,2.02,2000/2001
620,Example3,11/06/01,Squad6,Squad13,4,0,H,21.0,9.0,10.0,4.0,1.22,6.18,13.12,2.57,1.46,2000/2001
621,Example3,11/06/01,Squad4,Squad15,0,2,A,,,,,3.3,3.25,2.0,1.94,1.76,2000/2001
622,Example3,11/06/01,Squad2,Squad1,3,1,H,16.0,18.0,9.0,4.0,1.91,3.47,3.8,1.9,1.84,2000/2001
623,Example3,21/06/01,Squad3,Squad14,1,0,H,,,,,2.38,2.73,3.05,1.58,2.13,2000/2001
624,Example3,21/06/01,Squad5,Squad12,3,1,H,11.0,11.0,3.0,1.0,2.89,3.41,2.48,1.94,1.88,2000/2001
625,Example3,21/06/01,Squad7,Squad10,3,2,H,15.0,13.0,9.0,4.0,2.24,3.06,3.4,1.64,2.22,2000/2001
626,Example3,21/06/01,Squad9,Squad8,3,1,H,9.0,7.0,5.0,1.0,2.0,2.88,3.85,1.48,2.44,2000/2001
627,Example3,21/06/01,Squad11,Squad6,1,3,A,,,,,3.82,3.47,1.85,1.88,1.83,2000/2001
628,Example3,21/06/01,Squad13,Squad4,2,2,D,19.0,10.0,5.0,3.0,1.26,5.61,12.64,2.03,1.77,2000/2001
629,Example3,21/06/01,Squad15,Squad2,1,0,H,17.0,7.0,8.0,5.0,1.2,6.7,14.49,2.54,1.5,2000/2001
